s,C,m,m
Time,"DOOR_TEMP","DOOR_VIS","LAYER_HEIGHT_DOOR"
 0.0000000E+000, 2.0000000E+001, 3.0000000E+001, 3.5000000E+000
 4.8140802E-001, 1.9999981E+001, 3.0000000E+001, 3.5000000E+000
 7.2211203E-001, 2.0000610E+001, 3.0000000E+001, 3.5000000E+000
 9.6281605E-001, 2.0001703E+001, 3.0000000E+001, 3.5000000E+000
 1.2035201E+000, 2.0004111E+001, 3.0000000E+001, 3.5000000E+000
 1.6849281E+000, 2.0008472E+001, 3.0000000E+001, 3.5000000E+000
 1.9256321E+000, 2.0013236E+001, 3.0000000E+001, 3.5000000E+000
 2.1663361E+000, 2.0018115E+001, 3.0000000E+001, 3.5000000E+000
 2.4070401E+000, 2.0020920E+001, 3.0000000E+001, 3.5000000E+000
 2.8884481E+000, 2.0027140E+001, 3.0000000E+001, 3.5000000E+000
 3.1291522E+000, 2.0033191E+001, 3.0000000E+001, 3.5000000E+000
 3.3698562E+000, 2.0037278E+001, 3.0000000E+001, 3.5000000E+000
 3.6105602E+000, 2.0041686E+001, 3.0000000E+001, 3.5000000E+000
 4.0919682E+000, 2.0049055E+001, 3.0000000E+001, 3.5000000E+000
 4.3326722E+000, 2.0057481E+001, 3.0000000E+001, 3.5000000E+000
 4.5383870E+000, 2.0063032E+001, 3.0000000E+001, 3.5000000E+000
 4.9292254E+000, 2.0070952E+001, 3.0000000E+001, 3.5000000E+000
 5.1143492E+000, 2.0079321E+001, 3.0000000E+001, 3.5000000E+000
 5.4845967E+000, 2.0087975E+001, 3.0000000E+001, 3.5000000E+000
 5.8548442E+000, 2.0099987E+001, 3.0000000E+001, 3.5000000E+000
 6.0399680E+000, 2.0109306E+001, 3.0000000E+001, 3.5000000E+000
 6.4102155E+000, 2.0119157E+001, 3.0000000E+001, 3.5000000E+000
 6.7804630E+000, 2.0133099E+001, 3.0000000E+001, 3.5000000E+000
 6.9655867E+000, 2.0144372E+001, 3.0000000E+001, 3.5000000E+000
 7.3358342E+000, 2.0156393E+001, 3.0000000E+001, 3.5000000E+000
 7.5209580E+000, 2.0168856E+001, 3.0000000E+001, 3.5000000E+000
 7.8912055E+000, 2.0181569E+001, 3.0000000E+001, 3.5000000E+000
 8.2328399E+000, 2.0198675E+001, 3.0000000E+001, 3.5000000E+000
 8.5458612E+000, 2.0215447E+001, 3.0000000E+001, 3.5000000E+000
 8.7023718E+000, 2.0228006E+001, 3.0000000E+001, 3.5000000E+000
 9.1164216E+000, 2.0243271E+001, 3.0000000E+001, 3.5000000E+000
 9.3924549E+000, 2.0262622E+001, 3.0000000E+001, 3.5000000E+000
 9.6401727E+000, 2.0276984E+001, 3.0000000E+001, 3.5000000E+000
 9.9692763E+000, 2.0293201E+001, 3.0000000E+001, 3.5000000E+000
 1.0298380E+001, 2.0312542E+001, 3.0000000E+001, 3.5000000E+000
 1.0528753E+001, 2.0329258E+001, 3.0000000E+001, 3.5000000E+000
 1.0890767E+001, 2.0346983E+001, 3.0000000E+001, 3.5000000E+000
 1.1132109E+001, 2.0365476E+001, 3.0000000E+001, 3.5000000E+000
 1.1463626E+001, 2.0383106E+001, 3.0000000E+001, 3.5000000E+000
 1.1779894E+001, 2.0404298E+001, 3.0000000E+001, 3.5000000E+000
 1.2096162E+001, 2.0426106E+001, 3.0000000E+001, 3.5000000E+000
 1.2307008E+001, 2.0444654E+001, 3.0000000E+001, 3.5000000E+000
 1.2642100E+001, 2.0464112E+001, 3.0000000E+001, 3.5000000E+000
 1.2961902E+001, 2.0487271E+001, 3.0000000E+001, 3.5000000E+000
 1.3302337E+001, 2.0511084E+001, 3.0000000E+001, 3.5000000E+000
 1.3529293E+001, 2.0531760E+001, 3.0000000E+001, 3.5000000E+000
 1.3869728E+001, 2.0553220E+001, 3.0000000E+001, 3.5000000E+000
 1.4210162E+001, 2.0579808E+001, 3.0000000E+001, 3.5000000E+000
 1.4437119E+001, 2.0602432E+001, 3.0000000E+001, 3.5000000E+000
 1.4800249E+001, 2.0626886E+001, 3.0000000E+001, 3.5000000E+000
 1.5049901E+001, 2.0652366E+001, 3.0000000E+001, 3.5000000E+000
 1.5424379E+001, 2.0678944E+001, 3.0000000E+001, 3.5000000E+000
 1.5641689E+001, 2.0704167E+001, 3.0000000E+001, 3.5000000E+000
 1.5967655E+001, 2.0728512E+001, 3.0000000E+001, 3.5000000E+000
 1.6293621E+001, 2.0757808E+001, 3.0000000E+001, 3.5000000E+000
 1.6510931E+001, 2.0782371E+001, 3.0000000E+001, 3.5000000E+000
 1.6836897E+001, 2.0807038E+001, 3.0000000E+001, 3.5000000E+000
 1.7140008E+001, 2.0835876E+001, 3.0000000E+001, 3.5000000E+000
 1.7431692E+001, 2.0864102E+001, 3.0000000E+001, 3.5000000E+000
 1.7723376E+001, 2.0892123E+001, 3.0000000E+001, 3.5000000E+000
 1.8015060E+001, 2.0920122E+001, 3.0000000E+001, 3.5000000E+000
 1.8306744E+001, 2.0948229E+001, 3.0000000E+001, 3.5000000E+000
 1.8695655E+001, 2.0981611E+001, 3.0000000E+001, 3.5000000E+000
 1.8987339E+001, 2.1015767E+001, 3.0000000E+001, 3.5000000E+000
 1.9298469E+001, 2.1047018E+001, 3.0000000E+001, 3.5000000E+000
 1.9512370E+001, 2.1074348E+001, 3.0000000E+001, 3.5000000E+000
 1.9833222E+001, 2.1102381E+001, 3.0000000E+001, 3.5000000E+000
 2.0154074E+001, 2.1136329E+001, 3.0000000E+001, 3.5000000E+000
 2.0474927E+001, 2.1170997E+001, 3.0000000E+001, 3.5000000E+000
 2.0795779E+001, 2.1206363E+001, 3.0000000E+001, 3.5000000E+000
 2.1084369E+001, 2.1240068E+001, 3.0000000E+001, 3.5000000E+000
 2.1372958E+001, 2.1273111E+001, 3.0000000E+001, 3.5000000E+000
 2.1661548E+001, 2.1306578E+001, 3.0000000E+001, 3.5000000E+000
 2.1950138E+001, 2.1340326E+001, 3.0000000E+001, 3.5000000E+000
 2.2238728E+001, 2.1374236E+001, 3.0000000E+001, 3.5000000E+000
 2.2527317E+001, 2.1408366E+001, 3.0000000E+001, 3.5000000E+000
 2.2815907E+001, 2.1442840E+001, 3.0000000E+001, 3.5000000E+000
 2.3104497E+001, 2.1477558E+001, 3.0000000E+001, 3.5000000E+000
 2.3489283E+001, 2.1517957E+001, 3.0000000E+001, 3.5000000E+000
 2.3777873E+001, 2.1558539E+001, 3.0000000E+001, 3.5000000E+000
 2.4066463E+001, 2.1593565E+001, 3.0000000E+001, 3.5000000E+000
 2.4355052E+001, 2.1628975E+001, 3.0000000E+001, 3.5000000E+000
 2.4643642E+001, 2.1664844E+001, 3.0000000E+001, 3.5000000E+000
 2.4932232E+001, 2.1705983E+001, 3.0000000E+001, 3.5000000E+000
 2.5220821E+001, 2.1777323E+001, 3.0000000E+001, 3.5000000E+000
 2.5509411E+001, 2.1916942E+001, 3.0000000E+001, 3.5000000E+000
 2.5894197E+001, 2.2209465E+001, 3.0000000E+001, 2.4386132E+000
 2.6182787E+001, 2.2588552E+001, 3.0000000E+001, 2.3448362E+000
 2.6471377E+001, 2.2897434E+001, 3.0000000E+001, 2.2732394E+000
 2.6759967E+001, 2.3142479E+001, 3.0000000E+001, 2.2093114E+000
 2.7014993E+001, 2.3299092E+001, 3.0000000E+001, 2.1570889E+000
 2.7355028E+001, 2.3394356E+001, 3.0000000E+001, 2.1044564E+000
 2.7610054E+001, 2.3427210E+001, 3.0000000E+001, 2.0556318E+000
 2.7950089E+001, 2.3415475E+001, 3.0000000E+001, 2.0009292E+000
 2.8205115E+001, 2.3380763E+001, 3.0000000E+001, 1.9335822E+000
 2.8545150E+001, 2.3337173E+001, 3.0000000E+001, 1.8416232E+000
 2.8800176E+001, 2.3301360E+001, 3.0000000E+001, 1.7188608E+000
 2.9140211E+001, 2.3281795E+001, 3.0000000E+001, 1.5685242E+000
 2.9480246E+001, 2.3283843E+001, 3.0000000E+001, 1.3858715E+000
 2.9735272E+001, 2.3301650E+001, 3.0000000E+001, 1.2401155E+000
 3.0092309E+001, 2.3341177E+001, 3.0000000E+001, 1.1060663E+000
 3.0372838E+001, 2.3420075E+001, 3.0000000E+001, 9.9284818E-001
 3.0653367E+001, 2.3491418E+001, 3.0000000E+001, 9.2007365E-001
 3.0901644E+001, 2.3554024E+001, 3.0000000E+001, 8.6460713E-001
 3.1232680E+001, 2.3622527E+001, 3.0000000E+001, 8.0974690E-001
 3.1580268E+001, 2.3689176E+001, 3.0000000E+001, 7.5356806E-001
 3.1853373E+001, 2.3733515E+001, 3.0000000E+001, 7.1569766E-001
 3.2126478E+001, 2.3762395E+001, 3.0000000E+001, 6.9840573E-001
 3.2490617E+001, 2.3791143E+001, 3.0000000E+001, 7.0704080E-001
 3.2730283E+001, 2.3840241E+001, 3.0000000E+001, 7.3129989E-001
 3.3049836E+001, 2.3922396E+001, 3.0000000E+001, 7.4567367E-001
 3.3369390E+001, 2.4080167E+001, 3.0000000E+001, 7.5053888E-001
 3.3633022E+001, 2.4315911E+001, 3.0000000E+001, 7.6006069E-001
 3.3984531E+001, 2.4662808E+001, 3.0000000E+001, 7.9701925E-001
 3.4248163E+001, 2.5056791E+001, 3.0000000E+001, 8.5685370E-001
 3.4560334E+001, 2.5426368E+001, 3.0000000E+001, 9.1712157E-001
 3.4802266E+001, 2.5758285E+001, 3.0000000E+001, 9.8252586E-001
 3.5145654E+001, 2.6042151E+001, 3.0000000E+001, 1.0557724E+000
 3.5460164E+001, 2.6276665E+001, 3.0000000E+001, 1.1232496E+000
 3.5733220E+001, 2.6418764E+001, 3.0000000E+001, 1.1496504E+000
 3.6006275E+001, 2.6511876E+001, 3.0000000E+001, 1.1394220E+000
 3.6347595E+001, 2.6586610E+001, 3.0000000E+001, 1.1151889E+000
 3.6620651E+001, 2.6687833E+001, 3.0000000E+001, 1.0862839E+000
 3.6961971E+001, 2.6905582E+001, 3.0000000E+001, 1.0611463E+000
 3.7241853E+001, 2.7269092E+001, 3.0000000E+001, 1.0673999E+000
 3.7542214E+001, 2.7751631E+001, 3.0000000E+001, 1.1180660E+000
 3.7842576E+001, 2.8299497E+001, 3.0000000E+001, 1.1149679E+000
 3.8142937E+001, 2.8737792E+001, 3.0000000E+001, 1.0554271E+000
 3.8443299E+001, 2.9021702E+001, 3.0000000E+001, 9.7697022E-001
 3.8743660E+001, 2.9198870E+001, 3.0000000E+001, 9.1040577E-001
 3.9044022E+001, 2.9311971E+001, 3.0000000E+001, 8.7724562E-001
 3.9344383E+001, 2.9402137E+001, 3.0000000E+001, 8.8074904E-001
 3.9644744E+001, 2.9511751E+001, 3.0000000E+001, 9.2549111E-001
 3.9945106E+001, 2.9649674E+001, 3.0000000E+001, 9.9216083E-001
 4.0245467E+001, 2.9857070E+001, 3.0000000E+001, 1.0637534E+000
 4.0545829E+001, 3.0226290E+001, 3.0000000E+001, 1.1294817E+000
 4.0846190E+001, 3.0804102E+001, 3.0000000E+001, 1.1737676E+000
 4.1146552E+001, 3.1605806E+001, 3.0000000E+001, 1.1983530E+000
 4.1446913E+001, 3.2423623E+001, 3.0000000E+001, 1.2062279E+000
 4.1747274E+001, 3.3066930E+001, 3.0000000E+001, 1.2141474E+000
 4.2047636E+001, 3.3529602E+001, 3.0000000E+001, 1.2289746E+000
 4.2337910E+001, 3.3819189E+001, 3.0000000E+001, 1.2617334E+000
 4.2610923E+001, 3.3960407E+001, 3.0000000E+001, 1.2923199E+000
 4.2968441E+001, 3.4018408E+001, 3.0000000E+001, 1.2948060E+000
 4.3261605E+001, 3.4029685E+001, 3.0000000E+001, 1.2738059E+000
 4.3513297E+001, 3.4064166E+001, 3.0000000E+001, 1.2488471E+000
 4.3833957E+001, 3.4190127E+001, 3.0000000E+001, 1.2131924E+000
 4.4129198E+001, 3.4432020E+001, 3.0000000E+001, 1.1655706E+000
 4.4404567E+001, 3.4713956E+001, 3.0000000E+001, 1.1192657E+000
 4.4730324E+001, 3.4998860E+001, 3.0000000E+001, 1.0702377E+000
 4.5011369E+001, 3.5245872E+001, 3.0000000E+001, 1.0442161E+000
 4.5362675E+001, 3.5528493E+001, 3.0000000E+001, 1.0555951E+000
 4.5664799E+001, 3.5958815E+001, 3.0000000E+001, 1.0828111E+000
 4.5973949E+001, 3.6469369E+001, 3.0000000E+001, 1.0867504E+000
 4.6205811E+001, 3.6913808E+001, 3.0000000E+001, 1.0559627E+000
 4.6514961E+001, 3.7299997E+001, 3.0000000E+001, 1.0086988E+000
 4.6824111E+001, 3.7612763E+001, 3.0000000E+001, 9.6572740E-001
 4.7133260E+001, 3.7755960E+001, 3.0000000E+001, 9.1999563E-001
 4.7442410E+001, 3.7832775E+001, 3.0000000E+001, 8.6963823E-001
 4.7741957E+001, 3.7927909E+001, 3.0000000E+001, 8.4146031E-001
 4.8058823E+001, 3.8024947E+001, 3.0000000E+001, 8.3278530E-001
 4.8318970E+001, 3.8051703E+001, 3.0000000E+001, 8.3126006E-001
 4.8658371E+001, 3.8048975E+001, 3.0000000E+001, 8.2075074E-001
 4.8951188E+001, 3.8050733E+001, 3.0000000E+001, 8.1155288E-001
 4.9244005E+001, 3.8010982E+001, 3.0000000E+001, 8.2520354E-001
 4.9536821E+001, 3.7895695E+001, 3.0000000E+001, 8.6391539E-001
 4.9829638E+001, 3.7682443E+001, 3.0000000E+001, 9.2979779E-001
 5.0122455E+001, 3.7437039E+001, 3.0000000E+001, 1.0041874E+000
 5.0415271E+001, 3.7291476E+001, 3.0000000E+001, 1.0554079E+000
 5.0708088E+001, 3.7312431E+001, 3.0000000E+001, 1.0781752E+000
 5.1000905E+001, 3.7503839E+001, 3.0000000E+001, 1.0746520E+000
 5.1366926E+001, 3.7847509E+001, 3.0000000E+001, 1.0465890E+000
 5.1659742E+001, 3.8204459E+001, 3.0000000E+001, 1.0070666E+000
 5.1918612E+001, 3.8619291E+001, 3.0000000E+001, 9.7840548E-001
 5.2242199E+001, 3.9183766E+001, 3.0000000E+001, 9.5779325E-001
 5.2501069E+001, 3.9850364E+001, 3.0000000E+001, 9.4653439E-001
 5.2831128E+001, 4.0642628E+001, 2.9343852E+001, 9.3666386E-001
 5.3115885E+001, 4.1491052E+001, 2.7841775E+001, 9.3951176E-001
 5.3400641E+001, 4.2269792E+001, 2.6647988E+001, 9.5660573E-001
 5.3756587E+001, 4.3077226E+001, 2.5516351E+001, 9.6503997E-001
 5.4054517E+001, 4.3854000E+001, 2.4483472E+001, 9.5260154E-001
 5.4335013E+001, 4.4637576E+001, 2.3471017E+001, 9.2566815E-001
 5.4615510E+001, 4.5506127E+001, 2.2412439E+001, 9.0463280E-001
 5.4966131E+001, 4.7101731E+001, 2.0839583E+001, 9.0009235E-001
 5.5246627E+001, 4.9185795E+001, 1.9080225E+001, 9.2148442E-001
 5.5509191E+001, 5.0535742E+001, 1.8036899E+001, 9.4498104E-001
 5.5814980E+001, 5.1328395E+001, 1.7447177E+001, 9.6997973E-001
 5.6120769E+001, 5.1778783E+001, 1.7118518E+001, 1.0044983E+000
 5.6432674E+001, 5.2069007E+001, 1.6959401E+001, 1.0348199E+000
 5.6701768E+001, 5.2259207E+001, 1.6883263E+001, 1.0421330E+000
 5.7038136E+001, 5.2366588E+001, 1.6870698E+001, 1.0277618E+000
 5.7307231E+001, 5.2481854E+001, 1.6894253E+001, 1.0150631E+000
 5.7643599E+001, 5.2478542E+001, 1.6960405E+001, 1.0120368E+000
 5.7912693E+001, 5.2343893E+001, 1.7053680E+001, 1.0120717E+000
 5.8249061E+001, 5.2041691E+001, 1.7223483E+001, 1.0057521E+000
 5.8518155E+001, 5.1843802E+001, 1.7356605E+001, 9.8548979E-001
 5.8854523E+001, 5.1865677E+001, 1.7351867E+001, 9.5811434E-001
 5.9123618E+001, 5.2194726E+001, 1.7155404E+001, 9.2892774E-001
 5.9459986E+001, 5.2627770E+001, 1.6909838E+001, 9.0207893E-001
 5.9714035E+001, 5.3022867E+001, 1.6687580E+001, 8.8270803E-001
 6.0018766E+001, 5.3390800E+001, 1.6488485E+001, 8.7420864E-001
 6.0315191E+001, 5.3749847E+001, 1.6303139E+001, 8.7883090E-001
 6.0633306E+001, 5.4230142E+001, 1.6058942E+001, 8.9887322E-001
 6.0951421E+001, 5.4946495E+001, 1.5670637E+001, 9.4602211E-001
 6.1223201E+001, 5.5783854E+001, 1.5224649E+001, 1.0005551E+000
 6.1562926E+001, 5.7086520E+001, 1.4594036E+001, 1.0656704E+000
 6.1834706E+001, 5.8658576E+001, 1.3924015E+001, 1.1249799E+000
 6.2106486E+001, 6.0156484E+001, 1.3377127E+001, 1.1743823E+000
 6.2430482E+001, 6.2147109E+001, 1.2733272E+001, 1.2371971E+000
 6.2730887E+001, 6.4348890E+001, 1.2066906E+001, 1.2733193E+000
 6.3031292E+001, 6.5855429E+001, 1.1639083E+001, 1.2555873E+000
 6.3349721E+001, 6.6616485E+001, 1.1429252E+001, 1.2220323E+000
 6.3614077E+001, 6.6926600E+001, 1.1340010E+001, 1.1989836E+000
 6.3944522E+001, 6.7070681E+001, 1.1283421E+001, 1.1808148E+000
 6.4208878E+001, 6.7148593E+001, 1.1238609E+001, 1.1633900E+000
 6.4539323E+001, 6.7171557E+001, 1.1223273E+001, 1.1473219E+000
 6.4803679E+001, 6.7200895E+001, 1.1218974E+001, 1.1330819E+000
 6.5134124E+001, 6.7438830E+001, 1.1180133E+001, 1.1140951E+000
 6.5457720E+001, 6.7800263E+001, 1.1098564E+001, 1.0867911E+000
 6.5753919E+001, 6.8069795E+001, 1.1021682E+001, 1.0667712E+000
 6.6019493E+001, 6.8160290E+001, 1.0983355E+001, 1.0547380E+000
 6.6312309E+001, 6.8026136E+001, 1.1006070E+001, 1.0483602E+000
 6.6638613E+001, 6.7579044E+001, 1.1120997E+001, 1.0419839E+000
 6.6964918E+001, 6.6686096E+001, 1.1360849E+001, 1.0288305E+000
 6.7239013E+001, 6.5473973E+001, 1.1686724E+001, 1.0161036E+000
 6.7526161E+001, 6.4040283E+001, 1.2114535E+001, 1.0106352E+000
 6.7851792E+001, 6.2130568E+001, 1.2731998E+001, 9.9836800E-001
 6.8105637E+001, 6.0601213E+001, 1.3264876E+001, 9.7822890E-001
 6.8422943E+001, 6.0009479E+001, 1.3398876E+001, 9.4851683E-001
 6.8705961E+001, 6.0280468E+001, 1.3221961E+001, 9.1713348E-001
 6.9056905E+001, 6.1194811E+001, 1.2821082E+001, 8.9316736E-001
 6.9305962E+001, 6.2247951E+001, 1.2398936E+001, 8.8668290E-001
 6.9617282E+001, 6.3103279E+001, 1.2103633E+001, 8.8705128E-001
 6.9937022E+001, 6.3391309E+001, 1.1983550E+001, 8.9324080E-001
 7.0228175E+001, 6.2906854E+001, 1.2090017E+001, 9.0537713E-001
 7.0519328E+001, 6.2151542E+001, 1.2297211E+001, 9.3705213E-001
 7.0827949E+001, 6.1461641E+001, 1.2511074E+001, 1.0070788E+000
 7.1148217E+001, 6.1275394E+001, 1.2607915E+001, 1.1177133E+000
 7.1404432E+001, 6.2011070E+001, 1.2428994E+001, 1.2168379E+000
 7.1724700E+001, 6.3433823E+001, 1.2001758E+001, 1.2657012E+000
 7.2044968E+001, 6.5059950E+001, 1.1539228E+001, 1.2527066E+000
 7.2316006E+001, 6.6162776E+001, 1.1273202E+001, 1.2078265E+000
 7.2646672E+001, 6.6761227E+001, 1.1190110E+001, 1.2043668E+000
 7.2944814E+001, 6.7066113E+001, 1.1153410E+001, 1.2717971E+000
 7.3242956E+001, 6.7573306E+001, 1.1038103E+001, 1.2961351E+000
 7.3541098E+001, 6.8418014E+001, 1.0842673E+001, 1.2672674E+000
 7.3839240E+001, 6.9680322E+001, 1.0549839E+001, 1.2209740E+000
 7.4137382E+001, 7.1094556E+001, 1.0229578E+001, 1.1873803E+000
 7.4465338E+001, 7.2013838E+001, 1.0004154E+001, 1.1687603E+000
 7.4727703E+001, 7.1908006E+001, 9.9851996E+000, 1.1508515E+000
 7.5031671E+001, 7.0957946E+001, 1.0169762E+001, 1.1165431E+000
 7.5319647E+001, 6.9955243E+001, 1.0383108E+001, 1.0632619E+000
 7.5607623E+001, 6.9507295E+001, 1.0485464E+001, 9.9871831E-001
 7.5912877E+001, 6.9586103E+001, 1.0471166E+001, 9.3726442E-001
 7.6229651E+001, 6.9943098E+001, 1.0381210E+001, 8.9241313E-001
 7.6546424E+001, 7.0371836E+001, 1.0257905E+001, 8.6262185E-001
 7.6863198E+001, 7.0700608E+001, 1.0193273E+001, 8.4477533E-001
 7.7116617E+001, 7.0736144E+001, 1.0197402E+001, 8.3664022E-001
 7.7452396E+001, 7.0685920E+001, 1.0192541E+001, 8.2975423E-001
 7.7731157E+001, 7.0747987E+001, 1.0135467E+001, 8.2378107E-001
 7.8009918E+001, 7.1030804E+001, 1.0042261E+001, 8.3379165E-001
 7.8335475E+001, 7.1562899E+001, 9.9020756E+000, 8.6518283E-001
 7.8645770E+001, 7.2306540E+001, 9.7195702E+000, 9.2287099E-001
 7.8956065E+001, 7.3224388E+001, 9.5144598E+000, 1.0018728E+000
 7.9204301E+001, 7.4151988E+001, 9.3274419E+000, 1.0703287E+000
 7.9514596E+001, 7.5075391E+001, 9.1626401E+000, 1.1101517E+000
 7.9824891E+001, 7.6084531E+001, 9.0007278E+000, 1.1201244E+000
 8.0135186E+001, 7.7141511E+001, 8.8335790E+000, 1.1036868E+000
 8.0445481E+001, 7.8151280E+001, 8.6577780E+000, 1.0651437E+000
 8.0741687E+001, 7.8889128E+001, 8.5251888E+000, 1.0193470E+000
 8.1027762E+001, 7.9053833E+001, 8.4745978E+000, 9.8455861E-001
 8.1330341E+001, 7.8662486E+001, 8.4957487E+000, 9.5988882E-001
 8.1632920E+001, 7.7998077E+001, 8.5577515E+000, 9.4910273E-001
 8.1935499E+001, 7.7375839E+001, 8.6185342E+000, 9.5289712E-001
 8.2238078E+001, 7.6916669E+001, 8.6511220E+000, 9.5926490E-001
 8.2540657E+001, 7.6636319E+001, 8.6606893E+000, 9.5963831E-001
 8.2843236E+001, 7.6368260E+001, 8.6717111E+000, 9.4924098E-001
 8.3145815E+001, 7.6132640E+001, 8.6830568E+000, 9.3210522E-001
 8.3448394E+001, 7.5930679E+001, 8.6894560E+000, 9.2624836E-001
 8.3750973E+001, 7.5734566E+001, 8.7129125E+000, 9.3118881E-001
 8.4053552E+001, 7.5524218E+001, 8.7423501E+000, 9.3808383E-001
 8.4356131E+001, 7.5451325E+001, 8.7221611E+000, 9.4322361E-001
 8.4658710E+001, 7.5643711E+001, 8.6614282E+000, 9.3812406E-001
 8.4906825E+001, 7.5996330E+001, 8.6039971E+000, 9.1433404E-001
 8.5239661E+001, 7.6417196E+001, 8.5318638E+000, 8.8677451E-001
 8.5505931E+001, 7.6881321E+001, 8.4247276E+000, 8.7635103E-001
 8.5838768E+001, 7.7817451E+001, 8.2843774E+000, 8.9925576E-001
 8.6105037E+001, 7.9093381E+001, 8.1035202E+000, 9.3666167E-001
 8.6437874E+001, 8.0807449E+001, 7.8651244E+000, 9.6861420E-001
 8.6704144E+001, 8.2779301E+001, 7.6271301E+000, 1.0028482E+000
 8.7036981E+001, 8.4110072E+001, 7.4733029E+000, 1.0502156E+000
 8.7303250E+001, 8.4773180E+001, 7.4079504E+000, 1.0903239E+000
 8.7636087E+001, 8.4603642E+001, 7.4128970E+000, 1.1158701E+000
 8.7902357E+001, 8.3945877E+001, 7.4533352E+000, 1.1149309E+000
 8.8235194E+001, 8.4070912E+001, 7.4453076E+000, 1.0785360E+000
 8.8501463E+001, 8.4605592E+001, 7.3763406E+000, 1.0331654E+000
 8.8853224E+001, 8.5226553E+001, 7.3077277E+000, 1.0302924E+000
 8.9115309E+001, 8.5679084E+001, 7.2579162E+000, 1.0576525E+000
 8.9423121E+001, 8.6182735E+001, 7.2090153E+000, 1.0849635E+000
 8.9717736E+001, 8.6943182E+001, 7.1471263E+000, 1.0873416E+000
 9.0048883E+001, 8.7642238E+001, 7.0618956E+000, 1.0547068E+000
 9.0326234E+001, 8.8206906E+001, 6.9873368E+000, 1.0080452E+000
 9.0643533E+001, 8.8328805E+001, 6.9454790E+000, 9.8219250E-001
 9.0960833E+001, 8.8597675E+001, 6.8788926E+000, 9.7532801E-001
 9.1214672E+001, 8.9073591E+001, 6.8119094E+000, 9.7861593E-001
 9.1531972E+001, 8.9705851E+001, 6.7646091E+000, 9.9332705E-001
 9.1849271E+001, 9.0186172E+001, 6.7386082E+000, 1.0022015E+000
 9.2103111E+001, 9.0452909E+001, 6.7139652E+000, 9.9662225E-001
 9.2420410E+001, 9.0737970E+001, 6.6721695E+000, 9.8490978E-001
 9.2737710E+001, 9.1210623E+001, 6.6218102E+000, 9.7222131E-001
 9.3055009E+001, 9.1788265E+001, 6.5810170E+000, 9.5482490E-001
 9.3308849E+001, 9.2298063E+001, 6.5552029E+000, 9.3640847E-001
 9.3650686E+001, 9.2618113E+001, 6.5389189E+000, 9.2190690E-001
 9.3952641E+001, 9.2736366E+001, 6.5284361E+000, 9.1474392E-001
 9.4203322E+001, 9.2772527E+001, 6.5145455E+000, 9.1306715E-001
 9.4516672E+001, 9.2885909E+001, 6.4909242E+000, 9.1590635E-001
 9.4830022E+001, 9.3193598E+001, 6.4538854E+000, 9.2451356E-001
 9.5143373E+001, 9.3569031E+001, 6.4019461E+000, 9.3249512E-001
 9.5456723E+001, 9.3776411E+001, 6.3528904E+000, 9.4778078E-001
 9.5713671E+001, 9.3924400E+001, 6.3166970E+000, 9.8115257E-001
 9.6058356E+001, 9.4000967E+001, 6.2864739E+000, 1.0326410E+000
 9.6334104E+001, 9.3788872E+001, 6.2659905E+000, 1.0815843E+000
 9.6609853E+001, 9.3408124E+001, 6.2669421E+000, 1.1225901E+000
 9.6933435E+001, 9.3163573E+001, 6.2704612E+000, 1.1703528E+000
 9.7242949E+001, 9.3621819E+001, 6.2338856E+000, 1.2066963E+000
 9.7511741E+001, 9.4988428E+001, 6.1487135E+000, 1.2226240E+000
 9.7825152E+001, 9.6515931E+001, 6.0475267E+000, 1.2240043E+000
 9.8150390E+001, 9.7782231E+001, 5.9357403E+000, 1.2180523E+000
 9.8410580E+001, 9.8950604E+001, 5.8442619E+000, 1.2246262E+000
 9.8735818E+001, 1.0031991E+002, 5.7667596E+000, 1.2248238E+000
 9.9061056E+001, 1.0172756E+002, 5.6913158E+000, 1.2071130E+000
 9.9321247E+001, 1.0255987E+002, 5.6371116E+000, 1.1910127E+000
 9.9646485E+001, 1.0310646E+002, 5.5961402E+000, 1.1809645E+000
 9.9906675E+001, 1.0367801E+002, 5.5544719E+000, 1.1599362E+000
 1.0025143E+002, 1.0425459E+002, 5.5035939E+000, 1.1055778E+000
 1.0053764E+002, 1.0450167E+002, 5.4623492E+000, 1.0269914E+000
 1.0081586E+002, 1.0429852E+002, 5.4525182E+000, 9.5128377E-001
 1.0113372E+002, 1.0365192E+002, 5.4672426E+000, 8.8134831E-001
 1.0145157E+002, 1.0255032E+002, 5.5008034E+000, 8.2326503E-001
 1.0170585E+002, 1.0155403E+002, 5.5391272E+000, 7.9346339E-001
 1.0202370E+002, 1.0071388E+002, 5.5808772E+000, 7.8432398E-001
 1.0234155E+002, 1.0001630E+002, 5.6075732E+000, 7.8906272E-001
 1.0265940E+002, 9.9590945E+001, 5.6067763E+000, 8.0276004E-001
 1.0291368E+002, 9.9281430E+001, 5.5963950E+000, 8.2019273E-001
 1.0325696E+002, 9.8553239E+001, 5.6060608E+000, 8.4377781E-001
 1.0353667E+002, 9.7142791E+001, 5.6462055E+000, 8.8291828E-001
 1.0381638E+002, 9.5902551E+001, 5.6831934E+000, 9.2824635E-001
 1.0414080E+002, 9.5322293E+001, 5.6779868E+000, 9.7309961E-001
 1.0444840E+002, 9.5852013E+001, 5.6291627E+000, 9.9845532E-001
 1.0475601E+002, 9.7544336E+001, 5.5403796E+000, 1.0077694E+000
 1.0500209E+002, 9.9483077E+001, 5.4446696E+000, 1.0167987E+000
 1.0531585E+002, 1.0091492E+002, 5.3666065E+000, 1.0179593E+000
 1.0564395E+002, 1.0166006E+002, 5.3152165E+000, 9.8873108E-001
 1.0593100E+002, 1.0171637E+002, 5.2984306E+000, 9.3375237E-001
 1.0622379E+002, 1.0131433E+002, 5.3027107E+000, 8.7194807E-001
 1.0650865E+002, 1.0071537E+002, 5.3157806E+000, 8.1938181E-001
 1.0680796E+002, 1.0018136E+002, 5.3377760E+000, 7.8857515E-001
 1.0714452E+002, 9.9962762E+001, 5.3470614E+000, 7.7317338E-001
 1.0743961E+002, 1.0017918E+002, 5.3286249E+000, 7.6461711E-001
 1.0773471E+002, 1.0086836E+002, 5.2950937E+000, 7.5953340E-001
 1.0802981E+002, 1.0159298E+002, 5.2527199E+000, 7.5966118E-001
 1.0835842E+002, 1.0239382E+002, 5.2145514E+000, 7.6935362E-001
 1.0862132E+002, 1.0289165E+002, 5.1913020E+000, 7.8706659E-001
 1.0894993E+002, 1.0277692E+002, 5.1794327E+000, 8.1381319E-001
 1.0921283E+002, 1.0240878E+002, 5.1741069E+000, 8.4924827E-001
 1.0954144E+002, 1.0198092E+002, 5.1740367E+000, 8.8609703E-001
 1.0980434E+002, 1.0168355E+002, 5.1712636E+000, 9.1487018E-001
 1.1010498E+002, 1.0154880E+002, 5.1642638E+000, 9.2513006E-001
 1.1045737E+002, 1.0159919E+002, 5.1552172E+000, 9.2389053E-001
 1.1075103E+002, 1.0193369E+002, 5.1452689E+000, 9.1594947E-001
 1.1104468E+002, 1.0235578E+002, 5.1299454E+000, 9.0992144E-001
 1.1134421E+002, 1.0271022E+002, 5.1088969E+000, 9.0881826E-001
 1.1161555E+002, 1.0292793E+002, 5.0877230E+000, 9.1457006E-001
 1.1197087E+002, 1.0307298E+002, 5.0686989E+000, 9.3288674E-001
 1.1223607E+002, 1.0315700E+002, 5.0557421E+000, 9.6471651E-001
 1.1251718E+002, 1.0317397E+002, 5.0464416E+000, 1.0027927E+000
 1.1282034E+002, 1.0310043E+002, 5.0369320E+000, 1.0444444E+000
 1.1314775E+002, 1.0291303E+002, 5.0275519E+000, 1.0861520E+000
 1.1341452E+002, 1.0270364E+002, 5.0166249E+000, 1.1215388E+000
 1.1376133E+002, 1.0261547E+002, 4.9971999E+000, 1.1533616E+000
 1.1405479E+002, 1.0273554E+002, 4.9710931E+000, 1.1825739E+000
 1.1432823E+002, 1.0294946E+002, 4.9467458E+000, 1.1902457E+000
 1.1464500E+002, 1.0323156E+002, 4.9231367E+000, 1.1852109E+000
 1.1492375E+002, 1.0354127E+002, 4.8996210E+000, 1.1819493E+000
 1.1520251E+002, 1.0384752E+002, 4.8755720E+000, 1.1819890E+000
 1.1555096E+002, 1.0439106E+002, 4.8416666E+000, 1.1834141E+000
 1.1582972E+002, 1.0525948E+002, 4.8044711E+000, 1.1778610E+000
 1.1610848E+002, 1.0606352E+002, 4.7754816E+000, 1.1572108E+000
 1.1644241E+002, 1.0674592E+002, 4.7440350E+000, 1.1270348E+000
 1.1675457E+002, 1.0732228E+002, 4.7133499E+000, 1.0975454E+000
 1.1700430E+002, 1.0792822E+002, 4.6949879E+000, 1.0746807E+000
 1.1731647E+002, 1.0853195E+002, 4.6723115E+000, 1.0612527E+000
 1.1762863E+002, 1.0921521E+002, 4.6410038E+000, 1.0542329E+000
 1.1794079E+002, 1.0983474E+002, 4.6132798E+000, 1.0330883E+000
 1.1821550E+002, 1.0999097E+002, 4.6001321E+000, 9.9971301E-001
 1.1855888E+002, 1.0952880E+002, 4.6018178E+000, 9.6956507E-001
 1.1883358E+002, 1.0869515E+002, 4.6163959E+000, 9.5258334E-001
 1.1910829E+002, 1.0787108E+002, 4.6351957E+000, 9.4453556E-001
 1.1945167E+002, 1.0718137E+002, 4.6497328E+000, 9.4049665E-001
 1.1972637E+002, 1.0693086E+002, 4.6488858E+000, 9.4226649E-001
 1.2000107E+002, 1.0715352E+002, 4.6357226E+000, 9.4892050E-001
 1.2034445E+002, 1.0772423E+002, 4.6105528E+000, 9.5359941E-001
 1.2061916E+002, 1.0826638E+002, 4.5825601E+000, 9.5162430E-001
 1.2096254E+002, 1.0875257E+002, 4.5572304E+000, 9.4757176E-001
 1.2123724E+002, 1.0928655E+002, 4.5334077E+000, 9.4075676E-001
 1.2154151E+002, 1.0982537E+002, 4.5139940E+000, 9.3522362E-001
 1.2183600E+002, 1.1035793E+002, 4.4973052E+000, 9.3805957E-001
 1.2213049E+002, 1.1084699E+002, 4.4830777E+000, 9.5474197E-001
 1.2244854E+002, 1.1124657E+002, 4.4692535E+000, 9.9941894E-001
 1.2270770E+002, 1.1116688E+002, 4.4622858E+000, 1.0704388E+000
 1.2303164E+002, 1.1027956E+002, 4.4718207E+000, 1.1083280E+000
 1.2332541E+002, 1.0937137E+002, 4.4857690E+000, 1.1014968E+000
 1.2365380E+002, 1.0995014E+002, 4.4575283E+000, 1.0644405E+000
 1.2395483E+002, 1.1181085E+002, 4.3775121E+000, 1.0250917E+000
 1.2421051E+002, 1.1388907E+002, 4.3054869E+000, 1.0047095E+000
 1.2455978E+002, 1.1529428E+002, 4.2539281E+000, 9.8824870E-001
 1.2484214E+002, 1.1559058E+002, 4.2289361E+000, 9.7356859E-001
 1.2513980E+002, 1.1512740E+002, 4.2274242E+000, 9.5168058E-001
 1.2544297E+002, 1.1433274E+002, 4.2390130E+000, 9.2564175E-001
 1.2574614E+002, 1.1342222E+002, 4.2569495E+000, 9.0019235E-001
 1.2604931E+002, 1.1255138E+002, 4.2738112E+000, 8.8238264E-001
 1.2635248E+002, 1.1191989E+002, 4.2837553E+000, 8.7735530E-001
 1.2665565E+002, 1.1171337E+002, 4.2806044E+000, 8.8832670E-001
 1.2695882E+002, 1.1209334E+002, 4.2662028E+000, 9.1752536E-001
 1.2720136E+002, 1.1269619E+002, 4.2497357E+000, 9.5715241E-001
 1.2753485E+002, 1.1336194E+002, 4.2329436E+000, 1.0030003E+000
 1.2780164E+002, 1.1397150E+002, 4.2184367E+000, 1.0416457E+000
 1.2813513E+002, 1.1442315E+002, 4.2080423E+000, 1.0666426E+000
 1.2840192E+002, 1.1468980E+002, 4.2019985E+000, 1.0813973E+000
 1.2872957E+002, 1.1472784E+002, 4.1981036E+000, 1.0890774E+000
 1.2902841E+002, 1.1460381E+002, 4.1941009E+000, 1.0952655E+000
 1.2935834E+002, 1.1427855E+002, 4.1889680E+000, 1.0983460E+000
 1.2960113E+002, 1.1387322E+002, 4.1828242E+000, 1.0961524E+000
 1.2995230E+002, 1.1352291E+002, 4.1734358E+000, 1.0821385E+000
 1.3024493E+002, 1.1384762E+002, 4.1476860E+000, 1.0569924E+000
 1.3050246E+002, 1.1507550E+002, 4.1038058E+000, 1.0309267E+000
 1.3082436E+002, 1.1646694E+002, 4.0484749E+000, 9.9935889E-001
 1.3114626E+002, 1.1723937E+002, 4.0068510E+000, 9.8610504E-001
 1.3140378E+002, 1.1717055E+002, 3.9916920E+000, 9.9171595E-001
 1.3172568E+002, 1.1667116E+002, 3.9904114E+000, 1.0070211E+000
 1.3204758E+002, 1.1578679E+002, 3.9987945E+000, 1.0146478E+000
 1.3230510E+002, 1.1479251E+002, 4.0115443E+000, 1.0138074E+000
 1.3265275E+002, 1.1384251E+002, 4.0242079E+000, 1.0069372E+000
 1.3293603E+002, 1.1320430E+002, 4.0299132E+000, 9.9789825E-001
 1.3321930E+002, 1.1297503E+002, 4.0264709E+000, 9.9624390E-001
 1.3350257E+002, 1.1290200E+002, 4.0195172E+000, 9.9689394E-001
 1.3383394E+002, 1.1308508E+002, 4.0087931E+000, 9.9310583E-001
 1.3413168E+002, 1.1345407E+002, 3.9919174E+000, 9.9167376E-001
 1.3440173E+002, 1.1388626E+002, 3.9725375E+000, 9.8349403E-001
 1.3474252E+002, 1.1436394E+002, 3.9522821E+000, 9.6618851E-001
 1.3500393E+002, 1.1486756E+002, 3.9340968E+000, 9.4576734E-001
 1.3533068E+002, 1.1546643E+002, 3.9174863E+000, 9.2742839E-001
 1.3565743E+002, 1.1617584E+002, 3.9006679E+000, 9.0769121E-001
 1.3591884E+002, 1.1678810E+002, 3.8888959E+000, 8.8817346E-001
 1.3624843E+002, 1.1711377E+002, 3.8829338E+000, 8.6564835E-001
 1.3654466E+002, 1.1679362E+002, 3.8888706E+000, 8.4384068E-001
 1.3685500E+002, 1.1580557E+002, 3.9079472E+000, 8.2738573E-001
 1.3716533E+002, 1.1443842E+002, 3.9253278E+000, 8.1073240E-001
 1.3744799E+002, 1.1324011E+002, 3.9350143E+000, 8.0074812E-001
 1.3772143E+002, 1.1252654E+002, 3.9379940E+000, 8.0165091E-001
 1.3806322E+002, 1.1245679E+002, 3.9333714E+000, 8.1868890E-001
 1.3833665E+002, 1.1300846E+002, 3.9193924E+000, 8.4709268E-001
 1.3861009E+002, 1.1418381E+002, 3.8963798E+000, 8.8073917E-001
 1.3890450E+002, 1.1624749E+002, 3.8552448E+000, 9.1359930E-001
 1.3924863E+002, 1.1875094E+002, 3.7972075E+000, 9.4171473E-001
 1.3950225E+002, 1.2084150E+002, 3.7516345E+000, 9.6575921E-001
 1.3980310E+002, 1.2251586E+002, 3.7161647E+000, 9.9653751E-001
 1.4010395E+002, 1.2367365E+002, 3.6817501E+000, 1.0325693E+000
 1.4043751E+002, 1.2396678E+002, 3.6559599E+000, 1.0523748E+000
 1.4074352E+002, 1.2382013E+002, 3.6432122E+000, 1.0578877E+000
 1.4101889E+002, 1.2360520E+002, 3.6392578E+000, 1.0489565E+000
 1.4133154E+002, 1.2324500E+002, 3.6399056E+000, 1.0250363E+000
 1.4164419E+002, 1.2269297E+002, 3.6405540E+000, 9.8620159E-001
 1.4191932E+002, 1.2242649E+002, 3.6333995E+000, 9.4069059E-001
 1.4226323E+002, 1.2252000E+002, 3.6174649E+000, 8.9250227E-001
 1.4253836E+002, 1.2257793E+002, 3.6002517E+000, 8.4510669E-001
 1.4281349E+002, 1.2231526E+002, 3.5873397E+000, 8.0416938E-001
 1.4312146E+002, 1.2183691E+002, 3.5763943E+000, 7.6849035E-001
 1.4344852E+002, 1.2133812E+002, 3.5627223E+000, 7.4975467E-001
 1.4370671E+002, 1.2115446E+002, 3.5450371E+000, 7.5096431E-001
 1.4404235E+002, 1.2144709E+002, 3.5246425E+000, 7.7019453E-001
 1.4432635E+002, 1.2203513E+002, 3.5068300E+000, 8.0713094E-001
 1.4461035E+002, 1.2272535E+002, 3.4930687E+000, 8.4851131E-001
 1.4496536E+002, 1.2357928E+002, 3.4801324E+000, 8.9088282E-001
 1.4524936E+002, 1.2419287E+002, 3.4707481E+000, 9.2291921E-001
 1.4550690E+002, 1.2440819E+002, 3.4650596E+000, 9.3667988E-001
 1.4581778E+002, 1.2447259E+002, 3.4596495E+000, 9.3107220E-001
 1.4614732E+002, 1.2450699E+002, 3.4533744E+000, 9.1201630E-001
 1.4642090E+002, 1.2458359E+002, 3.4474633E+000, 8.9350221E-001
 1.4676288E+002, 1.2466061E+002, 3.4410983E+000, 8.8297146E-001
 1.4703646E+002, 1.2460234E+002, 3.4343716E+000, 8.8566180E-001
 1.4731004E+002, 1.2445123E+002, 3.4278586E+000, 8.8794055E-001
 1.4765201E+002, 1.2401354E+002, 3.4215039E+000, 8.9567240E-001
 1.4792559E+002, 1.2339785E+002, 3.4180077E+000, 9.1179627E-001
 1.4826757E+002, 1.2268720E+002, 3.4185577E+000, 9.2763165E-001
 1.4854115E+002, 1.2193260E+002, 3.4213779E+000, 9.4267072E-001
 1.4881473E+002, 1.2124496E+002, 3.4263120E+000, 9.5936099E-001
 1.4912263E+002, 1.2052758E+002, 3.4337381E+000, 9.8340582E-001
 1.4942815E+002, 1.1966255E+002, 3.4436137E+000, 1.0083581E+000
 1.4970532E+002, 1.1872346E+002, 3.4547619E+000, 1.0286752E+000
 1.5002295E+002, 1.1759505E+002, 3.4674847E+000, 1.0414730E+000
 1.5035832E+002, 1.1638602E+002, 3.4810488E+000, 1.0408491E+000
 1.5062661E+002, 1.1551428E+002, 3.4918992E+000, 1.0258994E+000
 1.5096198E+002, 1.1498847E+002, 3.4979584E+000, 9.9913231E-001
 1.5124369E+002, 1.1473328E+002, 3.5001371E+000, 9.6826450E-001
 1.5153882E+002, 1.1474201E+002, 3.4994203E+000, 9.4286382E-001
 1.5181650E+002, 1.1508422E+002, 3.4959489E+000, 9.1689211E-001
 1.5214179E+002, 1.1565663E+002, 3.4904093E+000, 9.0080318E-001
 1.5240853E+002, 1.1607431E+002, 3.4819109E+000, 8.9811464E-001
 1.5276636E+002, 1.1632475E+002, 3.4715924E+000, 9.0350674E-001
 1.5305262E+002, 1.1654369E+002, 3.4615708E+000, 9.1403433E-001
 1.5333887E+002, 1.1713452E+002, 3.4495774E+000, 9.4810797E-001
 1.5362513E+002, 1.1828669E+002, 3.4311432E+000, 1.0039429E+000
 1.5392945E+002, 1.2005983E+002, 3.4111099E+000, 1.0261998E+000
 1.5421733E+002, 1.2218820E+002, 3.3888830E+000, 1.0096088E+000
 1.5454055E+002, 1.2314655E+002, 3.3671775E+000, 9.9286122E-001
 1.5486376E+002, 1.2344886E+002, 3.3505560E+000, 9.9722755E-001
 1.5512234E+002, 1.2344585E+002, 3.3382109E+000, 1.0025897E+000
 1.5544556E+002, 1.2356032E+002, 3.3282061E+000, 1.0005624E+000
 1.5570413E+002, 1.2399277E+002, 3.3211525E+000, 9.9135189E-001
 1.5602735E+002, 1.2432038E+002, 3.3157201E+000, 9.7345282E-001
 1.5635056E+002, 1.2437129E+002, 3.3090171E+000, 9.5711048E-001
 1.5660914E+002, 1.2416825E+002, 3.3032468E+000, 9.4581092E-001
 1.5693235E+002, 1.2365638E+002, 3.3002966E+000, 9.4704904E-001
 1.5725557E+002, 1.2235845E+002, 3.3004483E+000, 9.6029411E-001
 1.5752817E+002, 1.2080226E+002, 3.3010905E+000, 9.7149974E-001
 1.5783062E+002, 1.1967635E+002, 3.2983035E+000, 9.6812572E-001
 1.5810888E+002, 1.1922851E+002, 3.2921272E+000, 9.5493384E-001
 1.5841386E+002, 1.1936806E+002, 3.2837010E+000, 9.4438510E-001
 1.5874323E+002, 1.1971478E+002, 3.2744507E+000, 9.4015632E-001
 1.5901161E+002, 1.1997642E+002, 3.2679858E+000, 9.3938504E-001
 1.5934708E+002, 1.2012515E+002, 3.2634231E+000, 9.3560096E-001
 1.5961546E+002, 1.2013938E+002, 3.2594851E+000, 9.1151077E-001
 1.5995093E+002, 1.1991375E+002, 3.2550184E+000, 8.6599675E-001
 1.6021931E+002, 1.1955968E+002, 3.2505257E+000, 8.1278198E-001
 1.6050111E+002, 1.1915899E+002, 3.2469265E+000, 7.6771106E-001
 1.6084706E+002, 1.1870227E+002, 3.2434400E+000, 7.2268435E-001
 1.6111152E+002, 1.1829835E+002, 3.2406839E+000, 6.8305656E-001
 1.6144209E+002, 1.1791422E+002, 3.2371038E+000, 6.6285306E-001
 1.6173299E+002, 1.1764684E+002, 3.2331568E+000, 6.6105420E-001
 1.6202310E+002, 1.1749977E+002, 3.2296766E+000, 6.7693488E-001
 1.6234188E+002, 1.1745508E+002, 3.2249989E+000, 7.1098036E-001
 1.6265917E+002, 1.1763735E+002, 3.2178147E+000, 7.5347889E-001
 1.6295913E+002, 1.1808222E+002, 3.2091809E+000, 7.9369401E-001
 1.6322553E+002, 1.1870038E+002, 3.1995809E+000, 8.2914225E-001
 1.6355852E+002, 1.2012974E+002, 3.1866051E+000, 8.6535566E-001
 1.6382491E+002, 1.2189922E+002, 3.1734403E+000, 8.8100498E-001
 1.6415790E+002, 1.2414526E+002, 3.1578699E+000, 8.7033047E-001
 1.6442430E+002, 1.2615993E+002, 3.1434333E+000, 8.4486392E-001
 1.6471913E+002, 1.2706420E+002, 3.1344187E+000, 8.3195291E-001
 1.6502517E+002, 1.2727813E+002, 3.1283622E+000, 8.3761446E-001
 1.6531617E+002, 1.2714422E+002, 3.1245781E+000, 8.5475306E-001
 1.6560716E+002, 1.2685133E+002, 3.1209551E+000, 8.7783779E-001
 1.6592144E+002, 1.2644502E+002, 3.1166501E+000, 9.0263072E-001
 1.6624153E+002, 1.2611270E+002, 3.1115510E+000, 9.1394327E-001
 1.6656163E+002, 1.2587354E+002, 3.1068155E+000, 9.0281289E-001
 1.6683051E+002, 1.2561250E+002, 3.1034148E+000, 8.8188116E-001
 1.6711219E+002, 1.2526771E+002, 3.1011869E+000, 8.6009340E-001
 1.6744206E+002, 1.2468838E+002, 3.0997673E+000, 8.3958638E-001
 1.6775042E+002, 1.2377208E+002, 3.0980789E+000, 8.2618877E-001
 1.6801134E+002, 1.2282223E+002, 3.0951584E+000, 8.3124037E-001
 1.6833749E+002, 1.2194854E+002, 3.0924582E+000, 8.5688498E-001
 1.6866364E+002, 1.2101333E+002, 3.0923065E+000, 8.8976220E-001
 1.6892457E+002, 1.2026941E+002, 3.0947379E+000, 9.1438105E-001
 1.6925072E+002, 1.1983259E+002, 3.0990276E+000, 9.3013685E-001
 1.6951164E+002, 1.1963595E+002, 3.1043431E+000, 9.3339856E-001
 1.6987041E+002, 1.1971856E+002, 3.1107254E+000, 9.2862779E-001
 1.7012144E+002, 1.1998937E+002, 3.1133321E+000, 9.3465934E-001
 1.7043523E+002, 1.2045590E+002, 3.1100091E+000, 9.5599110E-001
 1.7074902E+002, 1.2119394E+002, 3.1011162E+000, 9.7904807E-001
 1.7100005E+002, 1.2217488E+002, 3.0896161E+000, 9.8723157E-001
 1.7134522E+002, 1.2381573E+002, 3.0722927E+000, 9.7946304E-001
 1.7162136E+002, 1.2543662E+002, 3.0485554E+000, 9.5570976E-001
 1.7196653E+002, 1.2630495E+002, 3.0266233E+000, 9.1459490E-001
 1.7224266E+002, 1.2665874E+002, 3.0102685E+000, 8.6764780E-001
 1.7252570E+002, 1.2672408E+002, 2.9990312E+000, 8.3624345E-001
 1.7280917E+002, 1.2673181E+002, 2.9895856E+000, 8.2053326E-001
 1.7310415E+002, 1.2672839E+002, 2.9817434E+000, 8.1441670E-001
 1.7342273E+002, 1.2664646E+002, 2.9747147E+000, 8.1197256E-001
 1.7374721E+002, 1.2641865E+002, 2.9688600E+000, 8.1427639E-001
 1.7400679E+002, 1.2606037E+002, 2.9644970E+000, 8.2626529E-001
 1.7431544E+002, 1.2560947E+002, 2.9612505E+000, 8.5545129E-001
 1.7460034E+002, 1.2519133E+002, 2.9585691E+000, 9.0133882E-001
 1.7490234E+002, 1.2499425E+002, 2.9547580E+000, 9.5558707E-001
 1.7521574E+002, 1.2521853E+002, 2.9478896E+000, 1.0222252E+000
 1.7552913E+002, 1.2622774E+002, 2.9374657E+000, 1.0859042E+000
 1.7584879E+002, 1.2783032E+002, 2.9226524E+000, 1.1202102E+000
 1.7612458E+002, 1.2942493E+002, 2.9060458E+000, 1.1202348E+000
 1.7640037E+002, 1.3056013E+002, 2.8913185E+000, 1.0960637E+000
 1.7674510E+002, 1.3104638E+002, 2.8788042E+000, 1.0546106E+000
 1.7702089E+002, 1.3090043E+002, 2.8704294E+000, 1.0112654E+000
 1.7736563E+002, 1.3049831E+002, 2.8664733E+000, 9.7435548E-001
 1.7764141E+002, 1.2981931E+002, 2.8654218E+000, 9.4592564E-001
 1.7791720E+002, 1.2897366E+002, 2.8650593E+000, 9.3121029E-001
 1.7826194E+002, 1.2794110E+002, 2.8641378E+000, 9.3125018E-001
 1.7853772E+002, 1.2709342E+002, 2.8615608E+000, 9.4509028E-001
 1.7880630E+002, 1.2669375E+002, 2.8575583E+000, 9.6158996E-001
 1.7911500E+002, 1.2672546E+002, 2.8514088E+000, 9.8056513E-001
 1.7942987E+002, 1.2705977E+002, 2.8432610E+000, 9.9909837E-001
 1.7973489E+002, 1.2746716E+002, 2.8347869E+000, 1.0110181E+000
 1.8001688E+002, 1.2766766E+002, 2.8267599E+000, 1.0228170E+000
 1.8031015E+002, 1.2747678E+002, 2.8192650E+000, 1.0407217E+000
 1.8060359E+002, 1.2674366E+002, 2.8126430E+000, 1.0645623E+000
 1.8095891E+002, 1.2568255E+002, 2.8065901E+000, 1.0975276E+000
 1.8121914E+002, 1.2466793E+002, 2.8017721E+000, 1.1302728E+000
 1.8154443E+002, 1.2390032E+002, 2.7986540E+000, 1.1507020E+000
 1.8180467E+002, 1.2343957E+002, 2.7964022E+000, 1.1533910E+000
 1.8212996E+002, 1.2310296E+002, 2.7945931E+000, 1.1445407E+000
 1.8245525E+002, 1.2292590E+002, 2.7917942E+000, 1.1386020E+000
 1.8271548E+002, 1.2290809E+002, 2.7881209E+000, 1.1359132E+000
 1.8304077E+002, 1.2293270E+002, 2.7841850E+000, 1.1252047E+000
 1.8330100E+002, 1.2289663E+002, 2.7809294E+000, 1.1055064E+000
 1.8362630E+002, 1.2263840E+002, 2.7785413E+000, 1.0768905E+000
 1.8395159E+002, 1.2214063E+002, 2.7770915E+000, 1.0433298E+000
 1.8421182E+002, 1.2169400E+002, 2.7754266E+000, 1.0261608E+000
 1.8453033E+002, 1.2158209E+002, 2.7736299E+000, 1.0256367E+000
 1.8482173E+002, 1.2163297E+002, 2.7721999E+000, 1.0349181E+000
 1.8513062E+002, 1.2188602E+002, 2.7710474E+000, 1.0556993E+000
 1.8545116E+002, 1.2253579E+002, 2.7680326E+000, 1.0835736E+000
 1.8570759E+002, 1.2349670E+002, 2.7639567E+000, 1.0986489E+000
 1.8602813E+002, 1.2454137E+002, 2.7589744E+000, 1.0999710E+000
 1.8634867E+002, 1.2541057E+002, 2.7545520E+000, 1.0866848E+000
 1.8660511E+002, 1.2582627E+002, 2.7508390E+000, 1.0684955E+000
 1.8692565E+002, 1.2607325E+002, 2.7456422E+000, 1.0551070E+000
 1.8724619E+002, 1.2635317E+002, 2.7373638E+000, 1.0578043E+000
 1.8750262E+002, 1.2694612E+002, 2.7261093E+000, 1.0647213E+000
 1.8782316E+002, 1.2792905E+002, 2.7126098E+000, 1.0634313E+000
 1.8814370E+002, 1.2857530E+002, 2.7002462E+000, 1.0551900E+000
 1.8840014E+002, 1.2850956E+002, 2.6914346E+000, 1.0467254E+000
 1.8872709E+002, 1.2820839E+002, 2.6835734E+000, 1.0262145E+000
 1.8904644E+002, 1.2795994E+002, 2.6763249E+000, 9.8561319E-001
 1.8932015E+002, 1.2777222E+002, 2.6721711E+000, 9.3688911E-001
 1.8962490E+002, 1.2750882E+002, 2.6694454E+000, 8.9304069E-001
 1.8992964E+002, 1.2726726E+002, 2.6671123E+000, 8.5170985E-001
 1.9024658E+002, 1.2724059E+002, 2.6646613E+000, 8.0901869E-001
 1.9054158E+002, 1.2736674E+002, 2.6619068E+000, 7.6631986E-001
 1.9083658E+002, 1.2745240E+002, 2.6594927E+000, 7.3678404E-001
 1.9113158E+002, 1.2733517E+002, 2.6583053E+000, 7.2396654E-001
 1.9142657E+002, 1.2703595E+002, 2.6585796E+000, 7.2456713E-001
 1.9172157E+002, 1.2661685E+002, 2.6592315E+000, 7.5111453E-001
 1.9201657E+002, 1.2619443E+002, 2.6597701E+000, 8.0798946E-001
 1.9232632E+002, 1.2599902E+002, 2.6592047E+000, 8.8353120E-001
 1.9265081E+002, 1.2630642E+002, 2.6542758E+000, 9.6166253E-001
 1.9295578E+002, 1.2717441E+002, 2.6447524E+000, 9.8986486E-001
 1.9324122E+002, 1.2855004E+002, 2.6342038E+000, 9.7761586E-001
 1.9350032E+002, 1.2963797E+002, 2.6253980E+000, 9.4070573E-001
 1.9384948E+002, 1.3009447E+002, 2.6196637E+000, 9.0292622E-001
 1.9415790E+002, 1.3005266E+002, 2.6156928E+000, 8.8239657E-001
 1.9443315E+002, 1.2993610E+002, 2.6102475E+000, 8.7477795E-001
 1.9476156E+002, 1.2999720E+002, 2.6029677E+000, 8.7756954E-001
 1.9501167E+002, 1.3011594E+002, 2.5963449E+000, 8.8631900E-001
 1.9532430E+002, 1.3005503E+002, 2.5917516E+000, 8.9712376E-001
 1.9563694E+002, 1.2933809E+002, 2.5883553E+000, 9.0529549E-001
 1.9594958E+002, 1.2796638E+002, 2.5858235E+000, 9.0417668E-001
 1.9626221E+002, 1.2672456E+002, 2.5825284E+000, 8.8126264E-001
 1.9651232E+002, 1.2641057E+002, 2.5768519E+000, 8.4310238E-001
 1.9682496E+002, 1.2752040E+002, 2.5667549E+000, 7.9719580E-001
 1.9713760E+002, 1.3027000E+002, 2.5533856E+000, 7.5205576E-001
 1.9741272E+002, 1.3257637E+002, 2.5422095E+000, 7.2219821E-001
 1.9770172E+002, 1.3404332E+002, 2.5344164E+000, 7.1731752E-001
 1.9801804E+002, 1.3475863E+002, 2.5285762E+000, 7.3163805E-001
 1.9835179E+002, 1.3484010E+002, 2.5236623E+000, 7.5017891E-001
 1.9864879E+002, 1.3443484E+002, 2.5206292E+000, 7.6444930E-001
 1.9891675E+002, 1.3386143E+002, 2.5186158E+000, 7.7659676E-001
 1.9923510E+002, 1.3350345E+002, 2.5147655E+000, 7.8757282E-001
 1.9955934E+002, 1.3341366E+002, 2.5077897E+000, 7.8926680E-001
 1.9984562E+002, 1.3345123E+002, 2.5007563E+000, 7.8522336E-001
 2.0010935E+002, 1.3331830E+002, 2.4951622E+000, 7.8931318E-001
 2.0044539E+002, 1.3290711E+002, 2.4917363E+000, 8.0884642E-001
 2.0075093E+002, 1.3242777E+002, 2.4891386E+000, 8.3129506E-001
 2.0101369E+002, 1.3214347E+002, 2.4863981E+000, 8.3960702E-001
 2.0134978E+002, 1.3218427E+002, 2.4824536E+000, 8.3472109E-001
 2.0161866E+002, 1.3253777E+002, 2.4770608E+000, 8.1896085E-001
 2.0195475E+002, 1.3293347E+002, 2.4697720E+000, 7.8877188E-001
 2.0222362E+002, 1.3312819E+002, 2.4619998E+000, 7.5491551E-001
 2.0252285E+002, 1.3291573E+002, 2.4558059E+000, 7.3091738E-001
 2.0281287E+002, 1.3243778E+002, 2.4508719E+000, 7.2210137E-001
 2.0310869E+002, 1.3188327E+002, 2.4472229E+000, 7.2788541E-001
 2.0342770E+002, 1.3135471E+002, 2.4441624E+000, 7.5225129E-001
 2.0374672E+002, 1.3083087E+002, 2.4408799E+000, 7.9383687E-001
 2.0401470E+002, 1.3022235E+002, 2.4374879E+000, 8.3937425E-001
 2.0436562E+002, 1.2950211E+002, 2.4341126E+000, 8.8455865E-001
 2.0464635E+002, 1.2857837E+002, 2.4315088E+000, 9.2549843E-001
 2.0492709E+002, 1.2769155E+002, 2.4297213E+000, 9.6441476E-001
 2.0520782E+002, 1.2669402E+002, 2.4281477E+000, 1.0026659E+000
 2.0555874E+002, 1.2556284E+002, 2.4270849E+000, 1.0358206E+000
 2.0584650E+002, 1.2450147E+002, 2.4262616E+000, 1.0586125E+000
 2.0615531E+002, 1.2349409E+002, 2.4248253E+000, 1.0756969E+000
 2.0644389E+002, 1.2243046E+002, 2.4226275E+000, 1.0848342E+000
 2.0674955E+002, 1.2146751E+002, 2.4198163E+000, 1.0868370E+000
 2.0700601E+002, 1.2067128E+002, 2.4172314E+000, 1.0791430E+000
 2.0733405E+002, 1.2034797E+002, 2.4148835E+000, 1.0689387E+000
 2.0763905E+002, 1.2067077E+002, 2.4119899E+000, 1.0798015E+000
 2.0793448E+002, 1.2144442E+002, 2.4075591E+000, 1.1014971E+000
 2.0821485E+002, 1.2235302E+002, 2.4013636E+000, 1.1241345E+000
 2.0856532E+002, 1.2344946E+002, 2.3932426E+000, 1.1515388E+000
 2.0885270E+002, 1.2460927E+002, 2.3844971E+000, 1.1679030E+000
 2.0916111E+002, 1.2578694E+002, 2.3765713E+000, 1.1776369E+000
 2.0942918E+002, 1.2718504E+002, 2.3691037E+000, 1.1889271E+000
 2.0976427E+002, 1.2870511E+002, 2.3600184E+000, 1.1922031E+000
 2.1003234E+002, 1.3022938E+002, 2.3534159E+000, 1.1889521E+000
 2.1035278E+002, 1.3157064E+002, 2.3498436E+000, 1.1933001E+000
 2.1065126E+002, 1.3258256E+002, 2.3480912E+000, 1.2095198E+000
 2.1094973E+002, 1.3302435E+002, 2.3472090E+000, 1.2288736E+000
 2.1126015E+002, 1.3284512E+002, 2.3460346E+000, 1.2495593E+000
 2.1150033E+002, 1.3244897E+002, 2.3443338E+000, 1.2718828E+000
 2.1185518E+002, 1.3203616E+002, 2.3419092E+000, 1.2962365E+000
 2.1211114E+002, 1.3173503E+002, 2.3391333E+000, 1.3122198E+000
 2.1245469E+002, 1.3122793E+002, 2.3366247E+000, 1.2942750E+000
 2.1275242E+002, 1.3013480E+002, 2.3346789E+000, 1.2340252E+000
 2.1300436E+002, 1.2915622E+002, 2.3324937E+000, 1.1750663E+000
 2.1331927E+002, 1.2893180E+002, 2.3285878E+000, 1.1272986E+000
 2.1366568E+002, 1.2938792E+002, 2.3236289E+000, 1.0904582E+000
 2.1391410E+002, 1.2973137E+002, 2.3204146E+000, 1.0717212E+000
 2.1424945E+002, 1.2967498E+002, 2.3185732E+000, 1.0638204E+000
 2.1450582E+002, 1.2920565E+002, 2.3177508E+000, 1.0624378E+000
 2.1484548E+002, 1.2833064E+002, 2.3177385E+000, 1.0636026E+000
 2.1513890E+002, 1.2705007E+002, 2.3180435E+000, 1.0618389E+000
 2.1543232E+002, 1.2573466E+002, 2.3180150E+000, 1.0586173E+000
 2.1572573E+002, 1.2443485E+002, 2.3169598E+000, 1.0481681E+000
 2.1601915E+002, 1.2341960E+002, 2.3151135E+000, 1.0262551E+000
 2.1634191E+002, 1.2277254E+002, 2.3121329E+000, 9.9396963E-001
 2.1660657E+002, 1.2244049E+002, 2.3082801E+000, 9.5760206E-001
 2.1691623E+002, 1.2236580E+002, 2.3039193E+000, 9.3035643E-001
 2.1722700E+002, 1.2253702E+002, 2.2993247E+000, 9.1817608E-001
 2.1751171E+002, 1.2281552E+002, 2.2950831E+000, 9.1605548E-001
 2.1785335E+002, 1.2310045E+002, 2.2906307E+000, 9.1656883E-001
 2.1813806E+002, 1.2332129E+002, 2.2858683E+000, 9.1978515E-001
 2.1842276E+002, 1.2355810E+002, 2.2805827E+000, 9.2719482E-001
 2.1871497E+002, 1.2409097E+002, 2.2738744E+000, 9.4566554E-001
 2.1900348E+002, 1.2498437E+002, 2.2654421E+000, 9.9074140E-001
 2.1936074E+002, 1.2614949E+002, 2.2562131E+000, 1.0675986E+000
 2.1963257E+002, 1.2725593E+002, 2.2475602E+000, 1.1266499E+000
 2.1992429E+002, 1.2832777E+002, 2.2403388E+000, 1.1439595E+000
 2.2021601E+002, 1.2963640E+002, 2.2333031E+000, 1.1317794E+000
 2.2055307E+002, 1.3114227E+002, 2.2256665E+000, 1.0922494E+000
 2.2084872E+002, 1.3227673E+002, 2.2183876E+000, 1.0445832E+000
 2.2114438E+002, 1.3288028E+002, 2.2130616E+000, 1.0154206E+000
 2.2144003E+002, 1.3298126E+002, 2.2105039E+000, 1.0069769E+000
 2.2173568E+002, 1.3257545E+002, 2.2096747E+000, 1.0095694E+000
 2.2203134E+002, 1.3204116E+002, 2.2085678E+000, 1.0205515E+000
 2.2235656E+002, 1.3180417E+002, 2.2060908E+000, 1.0314308E+000
 2.2261673E+002, 1.3183597E+002, 2.2030507E+000, 1.0344225E+000
 2.2291688E+002, 1.3201271E+002, 2.1998417E+000, 1.0352152E+000
 2.2321165E+002, 1.3232161E+002, 2.1962381E+000, 1.0298340E+000
 2.2350371E+002, 1.3258012E+002, 2.1927677E+000, 1.0241672E+000
 2.2383841E+002, 1.3253254E+002, 2.1894791E+000, 1.0171433E+000
 2.2411733E+002, 1.3215999E+002, 2.1862769E+000, 1.0066395E+000
 2.2440182E+002, 1.3148872E+002, 2.1832810E+000, 9.9118110E-001
 2.2470863E+002, 1.3085122E+002, 2.1799086E+000, 9.6287650E-001
 2.2504612E+002, 1.3056371E+002, 2.1761655E+000, 9.2689177E-001
 2.2534311E+002, 1.3040857E+002, 2.1734125E+000, 8.9961825E-001
 2.2564010E+002, 1.3014240E+002, 2.1726485E+000, 8.8764304E-001
 2.2592889E+002, 1.2993534E+002, 2.1737147E+000, 8.7393798E-001
 2.2625066E+002, 1.2977052E+002, 2.1738794E+000, 8.5244301E-001
 2.2653260E+002, 1.2958757E+002, 2.1731955E+000, 8.3117856E-001
 2.2684253E+002, 1.2951541E+002, 2.1724022E+000, 8.1471883E-001
 2.2710596E+002, 1.2975937E+002, 2.1702397E+000, 8.0590709E-001
 2.2741847E+002, 1.3047402E+002, 2.1654821E+000, 8.0917379E-001
 2.2773098E+002, 1.3160866E+002, 2.1584564E+000, 8.2558409E-001
 2.2804349E+002, 1.3264714E+002, 2.1513046E+000, 8.5011072E-001
 2.2835600E+002, 1.3299463E+002, 2.1458643E+000, 8.7327789E-001
 2.2860601E+002, 1.3287135E+002, 2.1428146E+000, 8.7295049E-001
 2.2894352E+002, 1.3255406E+002, 2.1404669E+000, 8.4525388E-001
 2.2924731E+002, 1.3217425E+002, 2.1376392E+000, 8.1008566E-001
 2.2955717E+002, 1.3171781E+002, 2.1342923E+000, 7.8062541E-001
 2.2982451E+002, 1.3114823E+002, 2.1312521E+000, 7.6067708E-001
 2.3017204E+002, 1.3052548E+002, 2.1288934E+000, 7.4585280E-001
 2.3041017E+002, 1.3006839E+002, 2.1274850E+000, 7.3476982E-001
 2.3071378E+002, 1.2983403E+002, 2.1262844E+000, 7.2646416E-001
 2.3104121E+002, 1.2997717E+002, 2.1240689E+000, 7.2151073E-001
 2.3130315E+002, 1.3053656E+002, 2.1205004E+000, 7.2337287E-001
 2.3160123E+002, 1.3118045E+002, 2.1160418E+000, 7.3869777E-001
 2.3192105E+002, 1.3186881E+002, 2.1107072E+000, 7.6797786E-001
 2.3224086E+002, 1.3236077E+002, 2.1058712E+000, 8.0208559E-001
 2.3256068E+002, 1.3275026E+002, 2.1012022E+000, 8.2436161E-001
 2.3281653E+002, 1.3305526E+002, 2.0963822E+000, 8.3284621E-001
 2.3313635E+002, 1.3355700E+002, 2.0901423E+000, 8.2978999E-001
 2.3344876E+002, 1.3481447E+002, 2.0824982E+000, 8.1104454E-001
 2.3373154E+002, 1.3586579E+002, 2.0756866E+000, 7.8735773E-001
 2.3402564E+002, 1.3648640E+002, 2.0711802E+000, 7.6173311E-001
 2.3433670E+002, 1.3670875E+002, 2.0693898E+000, 7.3927453E-001
 2.3464776E+002, 1.3650405E+002, 2.0692592E+000, 7.2156246E-001
 2.3491527E+002, 1.3613358E+002, 2.0701682E+000, 7.0707349E-001
 2.3525744E+002, 1.3557558E+002, 2.0711141E+000, 6.9955995E-001
 2.3553118E+002, 1.3490097E+002, 2.0708962E+000, 6.9512462E-001
 2.3585756E+002, 1.3429997E+002, 2.0695957E+000, 6.9146068E-001
 2.3612917E+002, 1.3379430E+002, 2.0678470E+000, 6.9164265E-001
 2.3640078E+002, 1.3339595E+002, 2.0657094E+000, 6.8830077E-001
 2.3674302E+002, 1.3308540E+002, 2.0621364E+000, 6.8006898E-001
 2.3704179E+002, 1.3297344E+002, 2.0583549E+000, 6.6666032E-001
 2.3730471E+002, 1.3294863E+002, 2.0552119E+000, 6.5593933E-001
 2.3763336E+002, 1.3299283E+002, 2.0521709E+000, 6.5791323E-001
 2.3796202E+002, 1.3309041E+002, 2.0492720E+000, 6.7801367E-001
 2.3822494E+002, 1.3321665E+002, 2.0467307E+000, 7.1158971E-001
 2.3855359E+002, 1.3327355E+002, 2.0439726E+000, 7.5937195E-001
 2.3881651E+002, 1.3324168E+002, 2.0411562E+000, 8.2300184E-001
 2.3914516E+002, 1.3299879E+002, 2.0374355E+000, 8.9015596E-001
 2.3940809E+002, 1.3266482E+002, 2.0333983E+000, 9.4891382E-001
 2.3973478E+002, 1.3256275E+002, 2.0293405E+000, 9.8992999E-001
 2.4004923E+002, 1.3263247E+002, 2.0249687E+000, 1.0120718E+000
 2.4031336E+002, 1.3284032E+002, 2.0214405E+000, 9.9900416E-001
 2.4060119E+002, 1.3315089E+002, 2.0171387E+000, 9.6015110E-001
 2.4091781E+002, 1.3359067E+002, 2.0114518E+000, 8.9986547E-001
 2.4123443E+002, 1.3396958E+002, 2.0058001E+000, 8.2620453E-001
 2.4155104E+002, 1.3424379E+002, 2.0012100E+000, 7.7340655E-001
 2.4180434E+002, 1.3441807E+002, 1.9976864E+000, 7.4782752E-001
 2.4212095E+002, 1.3449229E+002, 1.9948183E+000, 7.3398950E-001
 2.4244390E+002, 1.3444695E+002, 1.9919428E+000, 7.2703879E-001
 2.4272253E+002, 1.3425731E+002, 1.9890955E+000, 7.1959626E-001
 2.4300115E+002, 1.3395091E+002, 1.9862390E+000, 7.0233004E-001
 2.4334943E+002, 1.3346592E+002, 1.9831595E+000, 6.8570913E-001
 2.4362805E+002, 1.3302895E+002, 1.9802468E+000, 6.8847415E-001
 2.4394070E+002, 1.3269052E+002, 1.9779929E+000, 7.1200973E-001
 2.4421044E+002, 1.3236610E+002, 1.9756908E+000, 7.4676069E-001
 2.4454761E+002, 1.3204099E+002, 1.9732442E+000, 7.8240612E-001
 2.4485576E+002, 1.3176048E+002, 1.9704144E+000, 8.0894505E-001
 2.4516267E+002, 1.3157484E+002, 1.9677000E+000, 8.2275620E-001
 2.4542746E+002, 1.3135941E+002, 1.9654577E+000, 8.3716874E-001
 2.4575845E+002, 1.3110609E+002, 1.9632941E+000, 8.5469986E-001
 2.4602324E+002, 1.3082284E+002, 1.9613346E+000, 8.7745634E-001
 2.4636084E+002, 1.3049314E+002, 1.9592678E+000, 9.0059603E-001
 2.4665211E+002, 1.3019940E+002, 1.9567437E+000, 9.1392492E-001
 2.4694338E+002, 1.3005289E+002, 1.9542640E+000, 9.1478012E-001
 2.4720729E+002, 1.3000575E+002, 1.9516993E+000, 9.1005162E-001
 2.4752577E+002, 1.3006305E+002, 1.9484008E+000, 8.9684354E-001
 2.4784426E+002, 1.3029102E+002, 1.9447761E+000, 8.7532412E-001
 2.4816275E+002, 1.3057790E+002, 1.9414752E+000, 8.5472364E-001
 2.4841754E+002, 1.3079670E+002, 1.9386208E+000, 8.3571591E-001
 2.4876150E+002, 1.3083816E+002, 1.9358247E+000, 8.1625739E-001
 2.4905579E+002, 1.3071267E+002, 1.9329858E+000, 7.8465298E-001
 2.4936408E+002, 1.3058682E+002, 1.9308102E+000, 7.3978054E-001
 2.4964762E+002, 1.3052318E+002, 1.9290928E+000, 7.0620953E-001
 2.4991447E+002, 1.3051549E+002, 1.9272061E+000, 6.7561037E-001
 2.5021634E+002, 1.3058386E+002, 1.9252618E+000, 6.4583449E-001
 2.5051821E+002, 1.3057908E+002, 1.9231127E+000, 6.2507400E-001
 2.5082008E+002, 1.3042294E+002, 1.9212599E+000, 6.1747612E-001
 2.5114006E+002, 1.3054694E+002, 1.9191195E+000, 6.3639144E-001
 2.5140570E+002, 1.3106017E+002, 1.9164638E+000, 6.8102326E-001
 2.5173776E+002, 1.3190821E+002, 1.9130051E+000, 7.4350616E-001
 2.5200341E+002, 1.3298576E+002, 1.9091314E+000, 8.0165053E-001
 2.5233546E+002, 1.3409465E+002, 1.9049175E+000, 8.4016432E-001
 2.5260111E+002, 1.3487920E+002, 1.9009702E+000, 8.5533373E-001
 2.5293316E+002, 1.3533821E+002, 1.8980388E+000, 8.5666899E-001
 2.5326522E+002, 1.3565374E+002, 1.8957670E+000, 8.5604585E-001
 2.5353087E+002, 1.3563336E+002, 1.8944076E+000, 8.4741321E-001
 2.5386292E+002, 1.3560953E+002, 1.8931952E+000, 8.3814002E-001
 2.5412857E+002, 1.3558113E+002, 1.8919345E+000, 8.3581505E-001
 2.5446062E+002, 1.3540611E+002, 1.8906972E+000, 8.4135390E-001
 2.5472627E+002, 1.3490900E+002, 1.8894936E+000, 8.5320932E-001
 2.5505833E+002, 1.3397043E+002, 1.8879744E+000, 8.6948466E-001
 2.5532397E+002, 1.3271870E+002, 1.8862184E+000, 8.8603466E-001
 2.5565603E+002, 1.3130943E+002, 1.8841950E+000, 9.0070844E-001
 2.5592167E+002, 1.2993529E+002, 1.8816803E+000, 9.2932841E-001
 2.5625373E+002, 1.2875581E+002, 1.8786466E+000, 9.8536421E-001
 2.5651938E+002, 1.2775070E+002, 1.8751080E+000, 1.0628164E+000
 2.5685143E+002, 1.2681099E+002, 1.8711765E+000, 1.1413818E+000
 2.5714426E+002, 1.2566458E+002, 1.8671353E+000, 1.2168298E+000
 2.5743709E+002, 1.2467157E+002, 1.8635986E+000, 1.2698554E+000
 2.5772992E+002, 1.2398584E+002, 1.8605429E+000, 1.2869592E+000
 2.5803446E+002, 1.2428814E+002, 1.8592937E+000, 1.2568087E+000
 2.5835657E+002, 1.2546952E+002, 1.8605556E+000, 1.1784773E+000
 2.5862714E+002, 1.2660646E+002, 1.8655329E+000, 1.0885974E+000
 2.5895791E+002, 1.2710501E+002, 1.8710075E+000, 9.9995661E-001
 2.5920997E+002, 1.2702477E+002, 1.8740966E+000, 9.2660449E-001
 2.5952505E+002, 1.2684206E+002, 1.8752980E+000, 8.7636809E-001
 2.5981988E+002, 1.2708308E+002, 1.8735039E+000, 8.4031542E-001
 2.6010122E+002, 1.2779899E+002, 1.8687586E+000, 8.3770165E-001
 2.6046753E+002, 1.2936664E+002, 1.8614723E+000, 8.8079322E-001
 2.6073986E+002, 1.3147486E+002, 1.8550757E+000, 9.6096536E-001
 2.6101220E+002, 1.3310391E+002, 1.8493460E+000, 1.0112773E+000
 2.6133408E+002, 1.3433228E+002, 1.8437759E+000, 1.0374530E+000
 2.6162816E+002, 1.3476641E+002, 1.8388683E+000, 1.0447693E+000
 2.6193400E+002, 1.3420378E+002, 1.8345701E+000, 1.0481914E+000
 2.6226269E+002, 1.3312383E+002, 1.8302986E+000, 1.0455647E+000
 2.6251643E+002, 1.3233934E+002, 1.8269327E+000, 1.0333533E+000
 2.6283361E+002, 1.3193234E+002, 1.8243666E+000, 1.0120115E+000
 2.6315078E+002, 1.3156002E+002, 1.8221451E+000, 9.8167493E-001
 2.6340452E+002, 1.3111977E+002, 1.8203562E+000, 9.4331796E-001
 2.6375342E+002, 1.3061072E+002, 1.8185240E+000, 8.9893670E-001
 2.6400864E+002, 1.3027243E+002, 1.8166579E+000, 8.5672726E-001
 2.6431771E+002, 1.3028551E+002, 1.8148420E+000, 8.2751170E-001
 2.6462679E+002, 1.3051709E+002, 1.8131709E+000, 8.1583774E-001
 2.6494540E+002, 1.3096647E+002, 1.8121318E+000, 8.2946082E-001
 2.6525214E+002, 1.3162415E+002, 1.8112895E+000, 8.7191950E-001
 2.6551170E+002, 1.3225232E+002, 1.8102124E+000, 9.2289795E-001
 2.6583614E+002, 1.3275009E+002, 1.8084478E+000, 9.6423356E-001
 2.6616058E+002, 1.3316820E+002, 1.8055822E+000, 9.7780576E-001
 2.6642014E+002, 1.3335397E+002, 1.8026461E+000, 9.5273082E-001
 2.6674458E+002, 1.3334865E+002, 1.8001349E+000, 9.0663308E-001
 2.6700414E+002, 1.3317187E+002, 1.7983954E+000, 8.6436129E-001
 2.6732858E+002, 1.3277286E+002, 1.7969488E+000, 8.4027001E-001
 2.6765302E+002, 1.3207950E+002, 1.7950633E+000, 8.4246998E-001
 2.6791258E+002, 1.3130137E+002, 1.7928035E+000, 8.6470110E-001
 2.6825543E+002, 1.3069413E+002, 1.7899854E+000, 9.0323289E-001
 2.6850172E+002, 1.3034874E+002, 1.7871264E+000, 9.4444200E-001
 2.6884743E+002, 1.3011435E+002, 1.7843727E+000, 9.7362572E-001
 2.6912400E+002, 1.3002545E+002, 1.7814968E+000, 9.9167559E-001
 2.6943665E+002, 1.2971561E+002, 1.7790968E+000, 9.9502674E-001
 2.6974104E+002, 1.2934262E+002, 1.7768243E+000, 9.8019668E-001
 2.7000890E+002, 1.2908533E+002, 1.7750425E+000, 9.5367238E-001
 2.7034373E+002, 1.2887530E+002, 1.7738462E+000, 9.1940441E-001
 2.7061159E+002, 1.2877076E+002, 1.7728996E+000, 8.7939495E-001
 2.7094642E+002, 1.2868013E+002, 1.7714352E+000, 8.5313331E-001
 2.7121428E+002, 1.2899534E+002, 1.7700248E+000, 8.5798730E-001
 2.7153026E+002, 1.2977687E+002, 1.7684148E+000, 8.6144289E-001
 2.7181798E+002, 1.3065502E+002, 1.7661059E+000, 8.4021908E-001
 2.7212871E+002, 1.3166078E+002, 1.7627181E+000, 8.1290789E-001
 2.7246419E+002, 1.3345582E+002, 1.7580874E+000, 7.8322085E-001
 2.7274270E+002, 1.3514443E+002, 1.7546677E+000, 7.6198746E-001
 2.7302817E+002, 1.3612434E+002, 1.7532962E+000, 7.5430156E-001
 2.7333453E+002, 1.3645108E+002, 1.7530466E+000, 7.5834852E-001
 2.7360337E+002, 1.3632153E+002, 1.7513834E+000, 7.6887307E-001
 2.7394300E+002, 1.3633343E+002, 1.7482597E+000, 7.8946669E-001
 2.7422497E+002, 1.3635124E+002, 1.7455257E+000, 8.1880723E-001
 2.7450693E+002, 1.3579099E+002, 1.7442043E+000, 8.4552442E-001
 2.7485939E+002, 1.3463262E+002, 1.7430163E+000, 8.7773231E-001
 2.7514135E+002, 1.3349217E+002, 1.7418093E+000, 9.0473439E-001
 2.7542331E+002, 1.3288121E+002, 1.7398865E+000, 9.2039729E-001
 2.7570528E+002, 1.3268744E+002, 1.7371726E+000, 9.3314983E-001
 2.7605773E+002, 1.3271886E+002, 1.7340053E+000, 9.4337759E-001
 2.7633970E+002, 1.3283754E+002, 1.7319033E+000, 9.4896511E-001
 2.7664632E+002, 1.3285657E+002, 1.7307664E+000, 9.4907206E-001
 2.7695294E+002, 1.3246529E+002, 1.7300777E+000, 9.4030071E-001
 2.7722277E+002, 1.3183597E+002, 1.7290267E+000, 9.2586114E-001
 2.7757355E+002, 1.3111843E+002, 1.7278211E+000, 9.1831962E-001
 2.7787036E+002, 1.3034051E+002, 1.7266067E+000, 9.2407180E-001
 2.7814389E+002, 1.2980202E+002, 1.7254394E+000, 9.4172846E-001
 2.7840038E+002, 1.2949513E+002, 1.7242445E+000, 9.6554499E-001
 2.7872848E+002, 1.2930950E+002, 1.7226627E+000, 9.9395792E-001
 2.7903259E+002, 1.2939632E+002, 1.7212616E+000, 1.0193550E+000
 2.7933670E+002, 1.2974007E+002, 1.7198767E+000, 1.0340077E+000
 2.7964081E+002, 1.3006655E+002, 1.7175222E+000, 1.0328498E+000
 2.7995100E+002, 1.3023849E+002, 1.7143411E+000, 1.0097825E+000
 2.8021862E+002, 1.3010253E+002, 1.7107163E+000, 9.7551316E-001
 2.8054621E+002, 1.2984385E+002, 1.7070773E+000, 9.4455162E-001
 2.8084609E+002, 1.2967451E+002, 1.7034920E+000, 9.2034897E-001
 2.8114597E+002, 1.2958554E+002, 1.7004007E+000, 9.0586249E-001
 2.8147044E+002, 1.2979885E+002, 1.6973603E+000, 8.9983558E-001
 2.8176072E+002, 1.3054692E+002, 1.6942748E+000, 9.1778823E-001
 2.8205100E+002, 1.3166211E+002, 1.6913034E+000, 9.5294275E-001
 2.8234128E+002, 1.3293307E+002, 1.6883395E+000, 9.7969060E-001
 2.8263157E+002, 1.3403922E+002, 1.6856079E+000, 9.6239569E-001
 2.8292185E+002, 1.3471035E+002, 1.6835681E+000, 9.1255872E-001
 2.8324996E+002, 1.3508917E+002, 1.6819852E+000, 8.4912065E-001
 2.8350550E+002, 1.3541813E+002, 1.6806232E+000, 7.9096695E-001
 2.8383132E+002, 1.3589808E+002, 1.6791900E+000, 7.4995620E-001
 2.8411242E+002, 1.3656845E+002, 1.6775828E+000, 7.2247614E-001
 2.8446379E+002, 1.3727452E+002, 1.6756242E+000, 7.0723835E-001
 2.8474489E+002, 1.3779103E+002, 1.6730694E+000, 6.9959172E-001
 2.8504435E+002, 1.3802274E+002, 1.6707555E+000, 6.9989525E-001
 2.8530788E+002, 1.3798185E+002, 1.6688472E+000, 7.0775725E-001
 2.8563729E+002, 1.3767243E+002, 1.6673967E+000, 7.2194473E-001
 2.8590082E+002, 1.3718350E+002, 1.6662093E+000, 7.3674180E-001
 2.8623023E+002, 1.3647596E+002, 1.6648677E+000, 7.5589393E-001
 2.8655964E+002, 1.3576227E+002, 1.6629516E+000, 7.7694999E-001
 2.8682317E+002, 1.3556422E+002, 1.6610963E+000, 7.9138284E-001
 2.8714545E+002, 1.3587881E+002, 1.6596206E+000, 8.0015663E-001
 2.8743922E+002, 1.3659898E+002, 1.6584257E+000, 8.1070769E-001
 2.8773299E+002, 1.3735513E+002, 1.6574596E+000, 8.1850649E-001
 2.8802676E+002, 1.3769932E+002, 1.6563812E+000, 8.3128914E-001
 2.8835108E+002, 1.3747907E+002, 1.6550554E+000, 8.5349247E-001
 2.8863546E+002, 1.3680313E+002, 1.6536802E+000, 8.7522174E-001
 2.8891983E+002, 1.3614578E+002, 1.6517000E+000, 8.8744184E-001
 2.8920420E+002, 1.3584203E+002, 1.6488054E+000, 8.9017584E-001
 2.8955966E+002, 1.3577300E+002, 1.6450808E+000, 8.8303564E-001
 2.8984934E+002, 1.3569995E+002, 1.6418689E+000, 8.6888143E-001
 2.9012353E+002, 1.3537703E+002, 1.6392973E+000, 8.5144782E-001
 2.9046240E+002, 1.3463639E+002, 1.6365256E+000, 8.3412429E-001
 2.9074863E+002, 1.3370259E+002, 1.6340963E+000, 8.2357397E-001
 2.9102768E+002, 1.3281622E+002, 1.6317672E+000, 8.2434978E-001
 2.9134956E+002, 1.3193366E+002, 1.6288938E+000, 8.4367498E-001
 2.9165015E+002, 1.3113810E+002, 1.6259805E+000, 8.8001488E-001
 2.9194229E+002, 1.3035094E+002, 1.6230009E+000, 9.1070479E-001
 2.9221953E+002, 1.2956964E+002, 1.6209267E+000, 9.2416553E-001
 2.9256608E+002, 1.2894183E+002, 1.6202772E+000, 9.2378703E-001
 2.9282807E+002, 1.2885212E+002, 1.6206354E+000, 9.1316964E-001
 2.9313652E+002, 1.2901703E+002, 1.6215746E+000, 9.0650807E-001
 2.9344496E+002, 1.2930225E+002, 1.6229375E+000, 9.1886522E-001
 2.9370406E+002, 1.2967789E+002, 1.6232970E+000, 9.6037249E-001
 2.9404335E+002, 1.3029367E+002, 1.6231613E+000, 1.0360748E+000
 2.9431478E+002, 1.3115574E+002, 1.6223118E+000, 1.1190432E+000
 2.9465407E+002, 1.3246316E+002, 1.6195394E+000, 1.1843346E+000
 2.9492550E+002, 1.3325607E+002, 1.6161480E+000, 1.2125783E+000
 2.9526479E+002, 1.3330023E+002, 1.6132395E+000, 1.1831863E+000
 2.9552133E+002, 1.3302833E+002, 1.6109978E+000, 1.1219267E+000
 2.9582339E+002, 1.3254473E+002, 1.6092871E+000, 1.0431672E+000
 2.9615565E+002, 1.3190614E+002, 1.6075806E+000, 9.4726534E-001
 2.9640484E+002, 1.3142738E+002, 1.6064585E+000, 8.7381849E-001
 2.9675367E+002, 1.3114469E+002, 1.6052067E+000, 8.2680314E-001
 2.9704436E+002, 1.3079759E+002, 1.6034255E+000, 8.0854146E-001
 2.9733505E+002, 1.3031937E+002, 1.6016699E+000, 8.1317924E-001
 2.9762574E+002, 1.2972366E+002, 1.5999065E+000, 8.2884689E-001
 2.9791643E+002, 1.2912145E+002, 1.5981512E+000, 8.4953678E-001
 2.9823619E+002, 1.2860161E+002, 1.5964526E+000, 8.6755547E-001
 2.9856234E+002, 1.2827488E+002, 1.5947639E+000, 8.7383058E-001
 2.9884373E+002, 1.2829232E+002, 1.5930760E+000, 8.6865470E-001
 2.9912512E+002, 1.2852284E+002, 1.5913311E+000, 8.6153229E-001
 2.9940651E+002, 1.2877935E+002, 1.5893413E+000, 8.5509127E-001
 2.9975825E+002, 1.2894760E+002, 1.5874605E+000, 8.5032593E-001
 3.0000000E+002, 1.2898780E+002, 1.5870590E+000, 8.5262655E-001
